0;0;0;0;land;false;unknown;0
1;233;130;229;land;true;plains;6
2;244;172;98;land;false;hills;6
3;115;243;157;land;false;forest;6
4;143;199;165;land;false;forest;6
5;61;245;238;land;true;urban;6
6;204;178;169;land;false;hills;6
7;253;155;145;land;true;forest;6
8;238;195;190;land;false;forest;6
9;236;127;161;land;true;plains;6
10;185;248;91;land;false;hills;6
11;175;167;184;land;false;mountain;6
12;175;174;240;land;false;forest;6
13;247;204;189;land;true;urban;6
14;234;166;167;land;true;urban;6
15;98;240;245;land;false;hills;6
16;239;222;140;land;false;urban;6
17;216;191;95;land;false;hills;6
18;142;175;248;land;true;forest;6
19;246;190;167;land;false;hills;6
20;155;141;251;land;true;urban;6
21;254;111;206;land;false;plains;6
22;215;214;104;land;false;forest;6
23;171;146;238;land;false;forest;6
24;188;139;182;land;false;hills;6
25;184;125;226;land;true;forest;6
26;83;198;221;land;false;forest;6
27;189;158;210;land;false;forest;6
28;142;216;191;land;false;forest;6
29;113;223;168;land;true;plains;6
30;160;238;207;land;false;urban;6
31;253;246;188;land;false;urban;6
32;193;161;150;land;false;urban;6
33;232;173;154;land;false;hills;6
34;181;248;247;land;false;forest;6
35;159;181;166;land;true;forest;6
36;238;101;185;land;false;forest;6
37;85;225;230;land;false;hills;6
38;219;107;243;land;false;forest;6
39;253;228;216;land;false;forest;6
40;213;92;196;land;false;mountain;6
41;192;171;222;land;false;forest;6
42;222;68;228;land;true;urban;6
43;222;188;100;land;true;forest;6
44;186;240;200;land;false;forest;6
45;194;248;223;land;false;forest;6
46;167;137;235;land;false;forest;6
47;199;96;215;land;true;plains;6
48;249;204;59;land;true;forest;6
49;214;126;247;land;true;forest;6
50;163;122;245;land;true;forest;6
51;252;148;104;land;false;hills;6
52;209;141;174;land;false;hills;6
53;223;213;66;land;false;mountain;6
54;108;217;240;land;false;forest;6
55;87;253;187;land;false;hills;6
56;142;206;241;land;false;hills;6
57;48;248;208;land;false;plains;6
58;202;220;96;land;true;plains;6
59;170;226;180;land;false;urban;6
60;245;179;86;land;true;hills;6
61;254;3;251;land;true;plains;6
62;214;174;135;land;false;urban;6
63;121;140;240;land;false;urban;6
64;180;128;193;land;true;forest;6
65;217;162;202;land;false;hills;6
66;106;168;237;land;false;urban;6
67;240;158;180;land;false;hills;6
68;147;193;215;land;true;hills;6
69;134;219;205;land;true;forest;6
70;219;188;229;land;false;mountain;6
71;239;100;237;land;true;plains;6
72;100;245;235;land;false;forest;6
73;233;172;128;land;false;forest;6
74;223;159;180;land;true;urban;6
75;205;220;246;land;false;forest;6
76;229;240;166;land;true;plains;6
77;242;247;94;land;false;forest;6
78;227;102;222;land;true;hills;6
79;185;189;227;land;true;plains;6
80;239;181;137;land;false;urban;6
81;184;135;201;land;true;forest;6
82;221;237;111;land;false;urban;6
83;207;126;248;land;false;hills;6
84;167;159;191;land;false;forest;6
85;193;170;250;land;false;forest;6
86;195;196;239;land;true;forest;6
87;179;253;164;land;false;forest;6
88;207;176;218;land;false;hills;6
89;217;242;197;land;false;forest;6
90;253;117;167;land;false;urban;6
91;196;254;102;land;true;plains;6
92;225;231;195;land;false;urban;6
93;221;141;198;land;true;forest;6
94;244;143;142;land;false;urban;6
95;244;156;237;land;true;plains;6
96;223;254;239;land;false;mountain;6
97;163;116;238;land;false;forest;6
98;254;137;213;land;false;urban;6
99;227;248;188;land;false;forest;6
100;250;236;151;land;false;forest;6
101;119;227;227;land;true;forest;6
102;193;228;228;land;false;forest;6
103;211;53;241;land;false;hills;6
104;183;177;158;land;false;hills;6
105;239;239;98;land;true;plains;6
106;233;108;175;land;true;plains;6
107;189;164;229;land;false;mountain;6
108;249;110;162;land;true;urban;6
109;252;74;188;land;true;forest;6
110;192;254;201;land;true;forest;6
111;203;208;94;land;false;urban;6
112;253;218;249;land;true;urban;6
113;227;212;232;land;false;forest;6
114;153;148;206;land;true;forest;6
115;89;238;191;land;false;mountain;6
116;204;242;127;land;false;plains;6
117;240;223;119;land;true;forest;6
118;120;236;175;land;false;urban;6
119;152;199;245;land;false;urban;6
120;216;80;236;land;false;urban;6
121;214;203;136;land;false;forest;6
122;212;251;38;land;false;urban;6
123;242;203;145;land;false;plains;6
124;200;203;108;land;true;plains;6
125;164;136;201;land;false;urban;6
126;213;105;210;land;false;urban;6
127;229;186;235;land;false;mountain;6
128;191;99;223;land;false;forest;6
129;207;199;217;land;true;mountain;6
130;234;185;223;land;false;forest;6
131;215;156;161;land;false;mountain;6
132;183;217;178;land;true;plains;6
133;250;153;123;land;false;hills;6
134;114;236;253;land;false;mountain;6
135;253;241;196;land;false;forest;6
136;237;203;147;land;false;forest;6
137;184;217;239;land;true;forest;6
138;44;245;247;land;false;forest;6
139;225;188;163;land;true;forest;6
140;177;240;178;land;false;forest;6
141;150;217;235;land;false;hills;6
142;82;242;198;land;false;forest;6
143;42;235;242;land;false;forest;6
144;105;238;236;land;true;urban;6
145;31;223;249;land;true;forest;6
146;168;110;251;land;false;hills;6
147;212;236;214;land;false;urban;6
148;250;103;211;land;true;forest;6
149;228;244;250;land;true;forest;6
150;245;234;171;land;true;urban;6
151;141;254;107;land;false;forest;6
152;246;43;222;land;true;forest;6
153;179;187;238;land;false;forest;6
154;174;98;233;land;false;forest;6
155;247;111;244;land;true;hills;6
156;203;84;229;land;false;mountain;6
157;119;224;183;land;false;urban;6
158;163;113;243;land;true;plains;6
159;226;88;240;land;true;plains;6
160;223;227;245;land;false;hills;6
161;85;243;252;land;false;urban;6
162;241;194;157;land;true;forest;6
163;214;242;83;land;false;urban;6
164;74;235;222;land;false;mountain;6
165;70;248;189;land;false;hills;6
166;223;211;153;land;true;forest;6
167;197;245;117;land;false;hills;6
168;241;244;151;land;true;forest;6
169;141;138;254;land;false;forest;6
170;223;112;213;land;false;hills;6
171;216;107;182;land;false;urban;6
172;240;179;170;land;false;forest;6
173;198;242;245;land;false;mountain;6
174;92;182;233;land;false;mountain;6
175;187;130;235;land;false;mountain;6
176;94;236;249;land;false;forest;6
177;226;72;219;land;true;forest;6
178;221;130;233;land;false;forest;6
179;208;223;138;land;false;urban;6
180;236;120;208;land;true;mountain;6
181;216;204;107;land;false;forest;6
182;206;116;204;land;false;urban;6
183;134;158;237;land;false;mountain;6
184;240;117;182;land;true;mountain;6
185;222;63;233;land;false;urban;6
186;233;186;166;land;false;hills;6
187;226;132;183;land;true;forest;6
188;249;244;138;land;false;forest;6
189;155;243;113;land;false;urban;6
190;220;230;76;land;false;urban;6
191;198;135;184;land;true;hills;6
192;223;146;187;land;false;plains;6
193;241;97;201;land;false;forest;6
194;205;204;98;land;true;urban;6
195;122;192;189;land;false;urban;6
196;202;207;132;land;false;forest;6
197;208;235;91;land;true;hills;6
198;252;206;229;land;false;plains;6
199;104;216;244;land;false;urban;6
200;95;218;196;land;false;hills;6
201;133;241;156;land;true;plains;6
202;254;197;200;land;false;plains;6
203;103;202;237;land;true;plains;6
204;171;138;212;land;true;urban;6
205;63;230;215;land;false;plains;6
206;223;177;114;land;true;urban;6
207;173;142;215;land;true;forest;6
208;237;169;144;land;true;hills;6
209;249;219;221;land;true;plains;6
210;250;161;137;land;true;plains;6
211;217;243;68;land;true;urban;6
212;156;164;208;land;false;urban;6
213;217;237;159;land;false;hills;6
214;250;45;209;land;true;urban;6
215;242;228;215;land;true;plains;6
216;216;72;240;land;false;urban;6
217;137;207;223;land;false;forest;6
218;166;207;244;land;false;forest;6
219;194;182;237;land;false;plains;6
220;102;205;214;land;false;forest;6
221;145;213;163;land;false;hills;6
222;199;126;239;land;false;hills;6
223;198;208;254;land;false;plains;6
224;171;156;247;land;false;hills;6
225;218;119;235;land;false;hills;6
226;240;222;139;land;true;forest;6
227;218;57;246;land;false;forest;6
228;232;180;182;land;false;urban;6
229;236;98;209;land;false;urban;6
230;165;251;250;land;false;hills;6
231;206;191;196;land;false;hills;6
232;86;229;247;land;false;hills;6
233;112;250;192;land;true;forest;6
234;106;190;227;land;false;urban;6
235;208;200;103;land;true;urban;6
236;187;128;235;land;true;forest;6
237;147;120;242;land;false;plains;6
238;158;185;205;land;false;forest;6
239;153;164;185;land;false;mountain;6
240;236;191;92;land;false;hills;6
241;170;170;161;land;true;forest;6
242;151;249;165;land;false;urban;6
243;211;196;219;land;false;urban;6
244;203;158;218;land;false;plains;6
245;231;99;247;land;true;hills;6
246;133;227;197;land;false;forest;6
247;59;216;248;land;false;forest;6
248;220;151;232;land;false;urban;6
249;109;223;197;land;false;mountain;6
250;224;195;86;land;false;plains;6
251;169;212;223;land;false;plains;6
252;240;23;249;land;true;forest;6
253;232;141;234;land;false;plains;6
254;183;128;239;land;true;forest;6
255;253;185;156;land;true;forest;6
256;180;204;137;land;false;urban;6
257;221;209;113;land;true;plains;6
258;229;167;244;land;true;urban;6
259;133;204;210;land;true;plains;6
260;207;84;219;land;false;urban;6
261;242;245;212;land;false;hills;6
262;242;206;137;land;false;mountain;6
263;103;247;236;land;false;forest;6
264;145;233;164;land;false;forest;6
265;238;221;172;land;false;hills;6
266;252;197;120;land;false;plains;6
267;250;189;113;land;false;urban;6
268;162;144;217;land;false;plains;6
269;247;225;238;land;false;forest;6
270;225;125;195;land;true;urban;6
271;78;209;243;land;true;urban;6
272;238;134;177;land;false;forest;6
273;208;131;223;land;true;plains;6
274;224;234;101;land;false;mountain;6
275;235;201;231;land;false;hills;6
276;244;101;164;land;false;hills;6
277;235;86;191;land;true;urban;6
278;187;249;113;land;false;forest;6
279;228;123;226;land;false;plains;6
280;173;208;200;land;false;forest;6
281;247;246;91;land;true;urban;6
282;186;102;244;land;false;plains;6
283;240;76;237;land;true;forest;6
284;245;149;202;land;true;forest;6
285;181;188;225;land;true;forest;6
286;163;235;225;land;false;urban;6
287;83;207;227;land;false;forest;6
288;208;102;208;land;false;urban;6
289;153;113;249;land;true;urban;6
290;203;114;192;land;false;plains;6
291;46;212;253;land;false;urban;6
292;216;254;251;land;false;urban;6
293;191;177;234;land;true;urban;6
294;194;155;171;land;true;urban;6
295;234;175;214;land;false;plains;6
296;223;134;205;land;false;plains;6
297;64;243;200;land;false;forest;6
298;241;208;133;land;true;forest;6
299;254;192;100;land;true;forest;6
300;223;227;196;land;false;forest;6
301;163;228;228;land;false;forest;6
302;191;159;195;land;false;forest;6
303;126;228;250;land;true;urban;6
304;236;237;147;land;true;urban;6
305;253;143;187;land;false;hills;6
306;236;220;228;land;true;hills;6
307;180;146;192;land;false;forest;6
308;198;189;166;land;true;forest;6
309;89;206;239;land;false;urban;6
310;66;195;251;land;true;plains;6
311;90;239;194;land;false;urban;6
312;243;209;131;land;false;forest;6
313;250;164;188;land;false;hills;6
314;60;246;211;land;false;hills;6
315;231;167;226;land;false;urban;6
316;101;238;216;land;false;forest;6
317;129;242;218;land;true;forest;6
318;159;183;178;land;true;urban;6
319;94;227;229;land;true;hills;6
320;147;229;132;land;false;urban;6
321;204;192;232;land;false;forest;6
322;195;227;239;land;false;plains;6
323;159;205;228;land;false;plains;6
324;212;158;218;land;false;plains;6
325;252;248;87;land;false;plains;6
326;107;218;251;land;false;mountain;6
327;237;151;165;land;true;urban;6
328;73;179;251;land;false;forest;6
329;194;157;190;land;false;forest;6
330;247;211;242;land;false;forest;6
331;254;188;99;land;false;forest;6
332;125;221;232;land;true;plains;6
333;254;86;227;land;false;hills;6
334;240;64;248;land;false;hills;6
335;52;243;216;land;true;hills;6
336;213;254;162;land;true;urban;6
337;222;125;179;land;false;plains;6
338;253;149;114;land;false;urban;6
339;111;177;239;land;false;hills;6
340;166;192;198;land;true;urban;6
341;185;143;208;land;false;forest;6
342;154;249;151;land;false;forest;6
343;168;203;179;land;true;forest;6
344;176;152;202;land;false;urban;6
345;173;216;183;land;true;plains;6
346;182;246;168;land;false;forest;6
347;230;153;141;land;false;forest;6
348;84;177;240;land;true;forest;6
349;174;145;235;land;false;hills;6
350;197;237;147;land;false;urban;6
351;122;208;175;land;true;hills;6
352;227;189;124;land;false;forest;6
353;96;206;233;land;true;forest;6
354;206;195;135;land;false;hills;6
355;152;249;199;land;false;mountain;6
356;231;72;230;land;true;urban;6
357;250;145;180;land;true;plains;6
358;219;122;203;land;true;plains;6
359;146;185;222;land;true;forest;6
360;202;125;230;land;true;urban;6
361;202;155;241;land;false;forest;6
362;252;212;77;land;true;plains;6
363;175;211;202;land;true;hills;6
364;189;246;102;land;true;urban;6
365;222;170;114;land;true;plains;6
366;217;103;215;land;false;urban;6
367;105;220;191;land;false;forest;6
368;76;251;186;land;true;forest;6
369;120;234;237;land;false;plains;6
370;103;189;243;land;false;urban;6
371;197;161;239;land;true;forest;6
372;238;202;227;land;true;forest;6
373;248;131;191;land;false;forest;6
374;248;235;138;land;false;plains;6
375;156;175;247;land;true;hills;6
376;171;183;189;land;false;forest;6
377;156;216;238;land;true;hills;6
378;181;187;252;land;true;forest;6
379;91;160;254;land;false;urban;6
380;178;253;105;land;false;plains;6
381;191;146;248;land;true;urban;6
382;249;189;171;land;false;urban;6
383;246;230;240;land;false;forest;6
384;212;238;87;land;true;hills;6
385;238;243;232;land;false;forest;6
386;181;251;197;land;false;hills;6
387;209;215;77;land;true;plains;6
388;197;197;244;land;true;plains;6
389;254;141;109;land;true;forest;6
390;239;175;220;land;false;forest;6
391;207;246;50;land;false;forest;6
392;222;142;235;land;false;urban;6
393;229;221;236;land;false;plains;6
394;227;101;246;land;false;urban;6
395;209;123;186;land;false;forest;6
396;254;68;204;land;true;plains;6
397;238;164;235;land;false;forest;6
398;236;160;185;land;false;urban;6
399;158;164;225;land;false;plains;6
400;201;235;229;land;true;hills;6
401;126;222;154;land;false;forest;6
402;254;193;116;land;true;plains;6
403;248;196;171;land;false;forest;6
404;108;228;218;land;false;urban;6
405;239;229;106;land;true;forest;6
406;230;197;126;land;false;forest;6
407;88;235;212;land;false;forest;6
408;212;71;225;land;true;forest;6
409;200;161;220;land;false;urban;6
410;200;144;164;land;true;urban;6
411;141;142;249;land;true;urban;6
412;204;212;199;land;false;forest;6
413;76;229;210;land;true;hills;6
414;164;156;188;land;true;urban;6
415;179;232;90;land;true;urban;6
416;106;154;253;land;true;plains;6
417;184;229;219;land;false;mountain;6
418;226;182;114;land;false;forest;6
419;227;171;241;land;true;urban;6
420;210;58;252;land;false;forest;6
421;170;139;213;land;true;hills;6
422;211;181;247;land;true;plains;6
423;170;226;157;land;true;urban;6
424;109;194;243;land;false;forest;6
425;149;238;157;land;false;urban;6
426;253;196;182;land;true;forest;6
427;249;185;147;land;false;hills;6
428;170;236;184;land;false;forest;6
429;253;165;198;land;false;forest;6
430;180;169;175;land;false;forest;6
431;94;194;246;land;true;plains;6
432;242;165;190;land;true;plains;6
433;110;254;241;land;true;plains;6
434;189;253;81;land;true;urban;6
435;151;205;156;land;false;urban;6
436;201;182;243;land;false;plains;6
437;175;176;158;land;true;urban;6
438;185;151;203;land;false;hills;6
439;150;253;148;land;false;forest;6
440;235;43;247;land;false;forest;6
441;176;180;208;land;true;plains;6
442;216;111;194;land;false;urban;6
443;74;226;250;land;false;hills;6
444;184;198;193;land;true;hills;6
445;226;127;234;land;false;mountain;6
446;120;229;171;land;true;plains;6
447;223;195;150;land;true;forest;6
448;223;201;143;land;false;forest;6
449;189;236;155;land;false;forest;6
450;161;199;247;land;true;mountain;6
451;238;191;152;land;true;hills;6
452;220;217;138;land;false;hills;6
453;148;206;235;land;false;forest;6
454;214;173;245;land;false;forest;6
455;179;151;218;land;false;hills;6
456;180;228;198;land;false;hills;6
457;137;196;201;land;false;urban;6
458;191;220;101;land;false;mountain;6
459;220;213;241;land;false;forest;6
460;106;168;253;land;true;plains;6
461;203;150;159;land;true;forest;6
462;24;237;254;land;false;mountain;6
463;105;227;172;land;false;forest;6
464;250;87;253;land;true;forest;6
465;222;245;38;land;false;hills;6
466;193;182;131;land;true;plains;6
467;125;215;204;land;false;mountain;6
468;172;233;151;land;false;hills;6
469;175;176;198;land;false;forest;6
470;195;231;102;land;true;urban;6
471;225;106;244;land;false;plains;6
472;220;161;242;land;false;forest;6
473;246;251;154;land;false;urban;6
474;67;226;220;land;false;forest;6
475;195;208;110;land;true;plains;6
476;165;228;247;land;false;forest;6
477;224;254;247;land;false;hills;6
478;254;213;65;land;false;forest;6
479;204;215;97;land;false;hills;6
480;177;99;241;land;false;urban;6
481;117;221;173;land;false;plains;6
482;114;237;228;land;true;forest;6
483;191;162;211;land;false;urban;6
484;243;150;157;land;false;forest;6
485;226;252;116;land;true;plains;6
486;52;234;227;land;true;forest;6
487;213;199;216;land;false;forest;6
488;151;224;232;land;false;urban;6
489;191;251;245;land;false;forest;6
490;162;91;254;land;true;forest;6
491;180;214;125;land;false;urban;6
492;90;252;172;land;true;urban;6
493;176;90;238;land;false;hills;6
494;242;139;159;land;false;hills;6
495;254;153;169;land;true;urban;6
496;217;174;193;land;true;forest;6
497;167;183;226;land;false;forest;6
498;109;197;213;land;false;urban;6
499;231;209;135;land;false;hills;6
500;177;162;200;land;false;hills;6
501;200;84;228;land;false;hills;6
502;141;115;249;land;true;hills;6
503;188;128;237;land;false;forest;6
504;201;193;182;land;false;plains;6
505;51;252;207;land;true;plains;6
506;224;174;159;land;true;forest;6
507;220;69;245;land;false;hills;6
508;248;148;203;land;false;forest;6
509;70;215;234;land;false;urban;6
510;108;189;225;land;true;forest;6
511;105;227;187;land;true;urban;6
512;247;100;165;land;false;plains;6
513;253;172;148;land;false;urban;6
514;184;185;134;land;false;forest;6
515;230;251;183;land;true;urban;6
516;187;200;147;land;true;plains;6
517;224;222;205;land;false;urban;6
518;162;183;202;land;true;urban;6
519;212;229;188;land;true;forest;6
520;240;238;139;land;false;urban;6
521;250;191;126;land;true;forest;6
522;232;166;132;land;true;hills;6
523;187;215;175;land;false;forest;6
524;233;203;213;land;true;urban;6
525;177;140;244;land;false;mountain;6
526;45;239;221;land;true;plains;6
527;194;234;212;land;false;urban;6
528;228;84;248;land;false;forest;6
529;240;188;96;land;true;forest;6
530;205;171;180;land;false;forest;6
531;17;249;248;land;true;forest;6
532;145;238;192;land;true;hills;6
533;214;191;106;land;false;forest;6
534;182;202;143;land;true;urban;6
535;173;187;150;land;false;forest;6
536;116;235;223;land;false;urban;6
537;224;197;145;land;false;forest;6
538;110;173;248;land;false;hills;6
539;209;245;91;land;false;urban;6
540;243;162;140;land;false;forest;6
541;228;223;51;land;true;hills;6
542;150;243;187;land;false;forest;6
543;227;253;137;land;true;plains;6
544;225;200;129;land;false;urban;6
545;220;243;144;land;false;mountain;6
546;152;212;144;land;false;hills;6
547;191;191;229;land;false;hills;6
548;250;137;249;land;true;urban;6
549;218;231;164;land;true;urban;6
550;190;197;231;land;true;forest;6
551;201;138;232;land;true;forest;6
552;64;242;227;land;false;forest;6
553;253;48;244;land;false;plains;6
554;177;232;237;land;false;plains;6
555;210;146;214;land;true;forest;6
556;203;175;245;land;true;plains;6
557;188;103;237;land;true;forest;6
558;152;119;243;land;false;forest;6
559;133;232;162;land;false;urban;6
560;101;229;188;land;true;urban;6
561;195;171;138;land;true;forest;6
562;77;194;237;land;true;urban;6
563;221;91;216;land;true;plains;6
564;188;83;239;land;false;hills;6
565;157;232;161;land;true;plains;6
566;154;207;237;land;true;forest;6
567;250;238;213;land;true;urban;6
568;221;175;181;land;false;mountain;6
569;226;168;126;land;true;forest;6
570;188;221;204;land;true;forest;6
571;130;202;230;land;true;forest;6
572;189;238;224;land;false;urban;6
573;151;154;224;land;true;plains;6
574;216;92;195;land;false;forest;6
575;186;146;199;land;false;forest;6
576;239;234;210;land;false;hills;6
577;245;242;69;land;true;plains;6
578;185;245;81;land;true;urban;6
579;186;242;86;land;true;hills;6
580;179;209;169;land;false;plains;6
581;145;132;227;land;false;forest;6
582;166;157;203;land;false;forest;6
583;254;222;72;land;true;forest;6
584;232;245;191;land;true;plains;6
585;190;192;139;land;false;hills;6
586;199;240;215;land;false;urban;6
587;54;236;230;land;true;hills;6
588;164;147;208;land;false;mountain;6
589;114;252;172;land;true;plains;6
590;203;112;239;land;false;forest;6
591;159;190;227;land;true;urban;6
592;228;153;235;land;false;plains;6
593;201;160;169;land;false;hills;6
594;178;196;220;land;true;forest;6
595;215;206;210;land;true;forest;6
596;239;239;147;land;true;forest;6
597;96;240;246;land;false;urban;6
598;239;243;115;land;true;plains;6
599;191;178;189;land;true;urban;6
600;176;90;254;land;false;forest;6
601;66;203;245;land;false;forest;6
602;190;190;236;land;true;forest;6
603;246;153;137;land;false;forest;6
604;242;192;91;land;true;urban;6
605;222;136;215;land;true;urban;6
606;232;50;219;land;false;hills;6
607;140;238;254;land;false;plains;6
608;219;213;89;land;false;forest;6
609;154;247;187;land;false;urban;6
610;242;163;205;land;true;forest;6
611;157;195;153;land;true;mountain;6
612;81;243;228;land;true;plains;6
613;221;201;243;land;false;hills;6
614;179;168;194;land;true;plains;6
615;222;170;183;land;false;hills;6
616;245;232;34;land;true;plains;6
617;225;200;217;land;false;forest;6
618;231;92;226;land;false;hills;6
619;99;196;233;land;true;forest;6
620;201;105;225;land;false;hills;6
621;198;100;209;land;false;plains;6
622;160;214;138;land;false;hills;6
623;250;91;224;land;false;urban;6
624;237;181;140;land;true;plains;6
625;120;195;232;land;true;plains;6
626;254;136;178;land;true;forest;6
627;144;254;205;land;false;urban;6
628;220;248;56;land;false;mountain;6
629;160;221;167;land;false;hills;6
630;245;75;239;land;true;plains;6
631;239;130;143;land;false;hills;6
632;231;203;193;land;true;plains;6
633;186;175;224;land;false;hills;6
634;213;217;93;land;false;urban;6
635;243;39;239;land;false;forest;6
636;186;238;144;land;false;hills;6
637;114;224;247;land;true;plains;6
638;250;219;184;land;false;plains;6
639;201;224;85;land;false;plains;6
640;213;244;54;land;true;forest;6
641;23;231;250;land;false;forest;6
642;244;235;158;land;false;plains;6
643;212;204;85;land;false;urban;6
644;202;184;236;land;true;plains;6
645;212;196;120;land;true;urban;6
646;191;251;141;land;true;forest;6
647;216;240;196;land;false;forest;6
648;161;213;146;land;true;urban;6
649;248;194;77;land;false;urban;6
650;231;37;235;land;true;urban;6
651;42;236;250;land;true;plains;6
652;207;127;186;land;false;hills;6
653;242;252;123;land;true;urban;6
654;132;210;221;land;true;forest;6
655;239;156;126;land;false;urban;6
656;168;181;178;land;false;urban;6
657;212;100;217;land;false;urban;6
658;253;242;187;land;false;urban;6
659;253;208;218;land;true;plains;6
660;192;238;194;land;true;forest;6
661;89;221;247;land;false;mountain;6
662;177;221;109;land;false;hills;6
663;139;243;120;land;true;hills;6
664;143;168;240;land;true;urban;6
665;233;168;136;land;false;hills;6
666;59;249;202;land;true;plains;6
667;84;230;222;land;true;plains;6
668;147;219;152;land;false;hills;6
669;201;136;213;land;false;forest;6
670;200;184;234;land;false;hills;6
671;137;243;127;land;true;forest;6
672;141;184;214;land;false;urban;6
673;247;213;233;land;false;hills;6
674;116;171;245;land;true;hills;6
675;76;232;194;land;true;forest;6
676;63;249;253;land;false;hills;6
677;231;154;206;land;true;urban;6
678;235;123;235;land;true;hills;6
679;241;229;223;land;true;urban;6
680;226;177;124;land;false;forest;6
681;170;210;230;land;false;urban;6
682;165;248;116;land;true;hills;6
683;237;207;120;land;false;urban;6
684;212;169;218;land;true;urban;6
685;179;144;204;land;true;urban;6
686;236;244;113;land;true;forest;6
687;162;246;189;land;false;forest;6
688;149;134;254;land;false;urban;6
689;227;241;83;land;true;plains;6
690;252;231;184;land;true;plains;6
691;159;246;193;land;false;hills;6
692;221;226;230;land;false;hills;6
693;91;212;236;land;true;forest;6
694;214;136;245;land;true;plains;6
695;125;209;220;land;true;forest;6
696;222;197;127;land;true;forest;6
697;125;210;174;land;false;urban;6
698;154;118;242;land;true;forest;6
699;171;142;246;land;false;mountain;6
700;142;170;220;land;true;urban;6
701;108;229;171;land;false;urban;6
702;5;252;251;land;false;urban;6
703;138;233;171;land;true;forest;6
704;165;206;137;land;false;forest;6
705;219;219;206;land;true;forest;6
706;175;109;253;land;false;hills;6
707;113;230;181;land;true;plains;6
708;252;159;204;land;true;plains;6
709;170;243;250;land;false;forest;6
710;89;167;252;land;false;forest;6
711;253;100;196;land;false;urban;6
712;254;240;123;land;true;urban;6
713;162;134;232;land;true;plains;6
714;51;226;253;land;true;plains;6
715;222;243;195;land;true;forest;6
716;248;173;122;land;true;forest;6
717;250;86;232;land;false;hills;6
718;113;252;174;land;false;urban;6
719;132;207;171;land;false;forest;6
720;174;177;150;land;true;urban;6
721;162;168;227;land;false;plains;6
722;173;187;187;land;true;plains;6
723;192;108;253;land;false;hills;6
724;179;233;181;land;false;forest;6
725;136;245;168;land;false;forest;6
726;105;232;232;land;true;urban;6
727;116;164;246;land;false;urban;6
728;192;173;148;land;false;forest;6
729;195;168;179;land;true;forest;6
730;135;154;218;land;true;forest;6
731;91;253;221;land;true;urban;6
732;231;123;204;land;true;plains;6
733;201;250;61;land;false;urban;6
734;139;224;191;land;false;urban;6
735;175;183;188;land;true;forest;6
736;197;185;176;land;true;urban;6
737;98;194;214;land;true;plains;6
738;235;139;247;land;false;hills;6
739;111;213;196;land;true;plains;6
740;204;205;143;land;false;urban;6
741;252;221;99;land;false;forest;6
742;166;210;178;land;false;urban;6
743;203;247;169;land;true;forest;6
744;236;138;137;land;true;forest;6
745;197;195;161;land;false;plains;6
746;188;237;253;land;true;forest;6
747;215;109;232;land;false;mountain;6
748;237;240;187;land;true;urban;6
749;85;212;242;land;true;urban;6
750;122;243;159;land;true;urban;6
751;137;237;155;land;true;urban;6
752;77;229;205;land;true;forest;6
753;241;207;197;land;true;urban;6
754;128;250;201;land;false;urban;6
755;251;249;133;land;true;urban;6
756;112;239;156;land;true;forest;6
757;114;245;240;land;false;forest;6
758;132;176;241;land;true;forest;6
759;135;195;229;land;false;forest;6
760;162;248;160;land;false;urban;6
761;114;215;222;land;true;forest;6
762;69;240;220;land;false;urban;6
763;196;215;242;land;true;urban;6
764;246;185;226;land;false;forest;6
765;161;253;217;land;true;plains;6
766;181;166;197;land;true;forest;6
767;204;193;110;land;false;urban;6
768;143;210;153;land;false;forest;6
769;161;110;243;land;true;forest;6
770;241;201;220;land;false;urban;6
771;182;250;101;land;false;forest;6
772;249;48;223;land;false;hills;6
773;207;142;188;land;false;plains;6
774;120;243;152;land;true;plains;6
775;197;162;142;land;false;hills;6
776;204;110;241;land;true;hills;6
777;134;180;211;land;false;urban;6
778;213;45;247;land;false;urban;6
779;196;232;129;land;false;forest;6
780;199;162;177;land;true;forest;6
781;163;123;242;land;false;plains;6
782;196;182;186;land;true;plains;6
783;242;251;168;land;false;urban;6
784;84;224;244;land;true;urban;6
785;252;97;182;land;false;forest;6
786;186;113;206;land;false;forest;6
787;198;234;177;land;false;urban;6
788;214;220;212;land;true;urban;6
789;244;142;223;land;false;hills;6
790;249;79;180;land;false;mountain;6
791;218;131;182;land;true;forest;6
792;202;167;163;land;false;forest;6
793;195;94;242;land;false;forest;6
794;197;183;165;land;false;hills;6
795;184;235;125;land;false;forest;6
796;194;247;94;land;false;hills;6
797;140;199;189;land;false;hills;6
798;15;248;253;land;false;hills;6
799;188;236;232;land;true;plains;6
800;192;239;206;land;false;urban;6
801;211;170;144;land;true;plains;6
802;157;243;129;land;true;urban;6
803;215;182;225;land;true;plains;6
804;88;244;171;land;true;hills;6
805;251;50;248;land;false;forest;6
806;226;221;215;land;true;forest;6
807;100;249;209;land;true;urban;6
808;177;186;139;land;true;forest;6
809;147;245;124;land;false;forest;6
810;244;165;144;land;false;hills;6
811;174;149;233;land;false;forest;6
812;227;224;111;land;true;mountain;6
813;228;162;200;land;false;hills;6
814;215;207;135;land;false;urban;6
815;221;157;165;land;true;forest;6
816;238;150;120;land;false;forest;6
817;243;189;80;land;true;urban;6
818;127;231;223;land;true;forest;6
819;174;202;166;land;true;plains;6
820;47;246;240;land;false;forest;6
821;128;211;197;land;true;forest;6
822;254;214;200;land;true;plains;6
823;158;205;181;land;true;hills;6
824;162;202;230;land;true;urban;6
825;169;211;201;land;true;hills;6
826;110;247;233;land;true;forest;6
827;41;241;245;land;true;plains;6
828;201;196;253;land;true;forest;6
829;102;240;206;land;true;hills;6
830;181;209;130;land;false;forest;6
831;223;156;209;land;true;urban;6
832;248;69;241;land;false;hills;6
833;39;233;239;land;true;forest;6
834;182;227;162;land;true;urban;6
835;86;220;221;land;true;urban;6
836;134;223;229;land;false;forest;6
837;241;199;68;land;false;forest;6
838;187;223;171;land;true;plains;6
839;143;230;196;land;true;forest;6
840;232;231;174;land;false;forest;6
841;138;192;211;land;false;mountain;6
842;118;215;241;land;true;forest;6
843;236;27;252;land;false;forest;6
844;251;197;205;land;true;urban;6
845;200;174;173;land;true;urban;6
846;126;153;224;land;true;forest;6
847;181;224;253;land;false;hills;6
848;105;247;202;land;true;urban;6
849;157;190;246;land;true;plains;6
850;225;252;211;land;true;forest;6
851;243;104;172;land;true;urban;6
852;209;150;232;land;true;plains;6
853;205;109;213;land;true;forest;6
854;246;184;233;land;true;plains;6
855;240;158;222;land;true;forest;6
856;121;208;230;land;true;urban;6
857;244;199;183;land;true;forest;6
858;194;131;186;land;true;plains;6
859;226;248;172;land;true;plains;6
860;218;132;232;land;false;hills;6
861;221;243;188;land;true;forest;6
862;173;222;238;land;false;urban;6
863;234;114;191;land;false;forest;6
864;219;169;190;land;false;forest;6
865;180;215;116;land;true;forest;6
866;198;197;201;land;false;hills;6
867;82;218;253;land;true;urban;6
868;228;230;129;land;true;forest;6
869;207;227;111;land;false;forest;6
870;224;228;139;land;true;urban;6
871;232;231;212;land;false;forest;6
872;217;215;148;land;false;forest;6
873;172;201;236;land;true;plains;6
874;78;248;175;land;true;hills;6
875;140;185;204;land;false;hills;6
876;26;240;243;land;true;forest;6
877;240;204;109;land;false;plains;6
878;160;203;247;land;true;urban;6
879;202;220;179;land;true;forest;6
880;186;125;249;land;false;forest;6
881;217;179;217;land;true;urban;6
882;183;123;228;land;true;forest;6
883;201;137;167;land;false;forest;6
884;226;211;196;land;true;forest;6
885;227;193;182;land;false;forest;6
886;230;180;185;land;true;urban;6
887;175;217;142;land;true;forest;6
888;72;246;192;land;false;plains;6
889;238;235;116;land;true;hills;6
890;248;148;120;land;true;hills;6
891;231;127;250;land;false;urban;6
892;253;110;168;land;false;urban;6
893;240;46;228;land;false;urban;6
894;206;227;225;land;true;urban;6
895;106;193;249;land;true;plains;6
896;156;151;195;land;false;mountain;6
897;33;234;246;land;false;forest;6
898;210;246;90;land;false;urban;6
899;211;122;252;land;true;urban;6
900;230;174;112;land;true;forest;6
901;204;94;210;land;false;hills;6
902;247;174;253;land;false;urban;6
903;222;117;193;land;false;forest;6
904;191;160;169;land;false;urban;6
905;252;254;82;land;false;urban;6
906;162;140;202;land;true;forest;6
907;199;205;208;land;false;forest;6
908;122;207;191;land;true;plains;6
909;235;232;252;land;false;hills;6
910;83;225;249;land;true;plains;6
911;245;249;67;land;false;forest;6
912;196;146;221;land;true;forest;6
913;251;192;251;land;true;urban;6
914;221;223;129;land;true;forest;6
915;200;227;204;land;true;plains;6
916;251;67;213;land;false;forest;6
917;221;214;203;land;false;urban;6
918;174;191;196;land;false;hills;6
919;181;137;206;land;false;plains;6
920;127;207;221;land;false;hills;6
921;234;244;97;land;true;forest;6
922;141;222;180;land;false;forest;6
923;203;247;138;land;false;plains;6
924;193;96;254;land;false;hills;6
925;243;85;185;land;true;forest;6
926;205;234;248;land;true;plains;6
927;225;235;160;land;false;plains;6
928;154;227;168;land;true;forest;6
929;246;160;162;land;true;plains;6
930;152;140;231;land;false;hills;6
931;115;162;250;land;true;plains;6
932;190;170;203;land;true;plains;6
933;121;188;223;land;true;plains;6
934;167;229;234;land;false;hills;6
935;198;251;248;land;false;urban;6
936;215;149;203;land;false;mountain;6
937;233;91;193;land;false;forest;6
938;251;79;186;land;false;plains;6
939;143;203;216;land;true;plains;6
940;241;160;190;land;true;forest;6
941;213;180;250;land;true;plains;6
942;94;183;232;land;true;forest;6
943;234;248;51;land;true;plains;6
944;247;251;15;land;true;plains;6
945;141;214;175;land;true;plains;6
946;153;252;159;land;true;plains;6
947;231;180;173;land;false;hills;6
948;220;193;119;land;true;forest;6
949;243;31;246;land;true;forest;6
950;187;173;181;land;false;hills;6
951;194;143;172;land;true;forest;6
952;200;245;146;land;true;plains;6
953;209;227;249;land;true;plains;6
954;239;195;227;land;true;forest;6
955;108;242;189;land;true;plains;6
956;193;205;111;land;false;hills;6
957;241;122;149;land;false;urban;6
958;156;252;136;land;false;hills;6
959;177;206;165;land;true;urban;6
960;251;124;159;land;false;hills;6
961;145;166;223;land;false;hills;6
962;75;236;200;land;false;forest;6
963;122;175;242;land;true;plains;6
964;183;198;144;land;false;hills;6
965;199;192;116;land;false;hills;6
966;190;157;240;land;true;urban;6
967;94;217;196;land;false;urban;6
968;237;221;214;land;false;forest;6
969;123;241;166;land;false;forest;6
970;196;200;223;land;true;forest;6
971;249;147;117;land;false;plains;6
972;66;211;248;land;true;plains;6
973;246;177;132;land;false;plains;6
974;234;66;252;land;false;forest;6
975;230;22;252;land;true;forest;6
976;128;200;198;land;false;forest;6
977;129;230;213;land;false;forest;6
978;169;180;211;land;false;plains;6
979;176;182;148;land;false;forest;6
980;157;251;149;land;false;forest;6
981;145;253;245;land;false;hills;6
982;241;191;127;land;false;mountain;6
983;236;126;211;land;true;plains;6
984;115;248;199;land;false;urban;6
985;208;132;221;land;false;hills;6
986;235;198;119;land;true;plains;6
987;185;200;122;land;false;urban;6
988;232;196;216;land;false;forest;6
989;224;191;102;land;true;urban;6
990;224;221;181;land;false;hills;6
991;246;210;194;land;true;urban;6
992;62;206;245;land;false;hills;6
993;209;161;200;land;false;hills;6
994;210;142;249;land;false;hills;6
995;241;61;217;land;true;plains;6
996;39;237;225;land;false;urban;6
997;166;219;223;land;false;plains;6
998;178;206;195;land;false;hills;6
999;246;95;222;land;false;forest;6
1000;100;182;241;land;false;hills;6
1001;225;145;177;land;true;forest;6
1002;98;243;250;land;true;plains;6
1003;212;214;128;land;false;forest;6
1004;74;254;225;land;true;plains;6
1005;209;166;165;land;false;hills;6
1006;212;244;244;land;true;plains;6
1007;217;167;150;land;false;hills;6
1008;134;192;182;land;true;plains;6
1009;232;127;235;land;false;hills;6
1010;240;108;212;land;false;plains;6
1011;208;185;211;land;true;plains;6
1012;139;253;130;land;true;plains;6
1013;228;177;119;land;false;plains;6
1014;245;209;56;land;false;mountain;6
1015;250;116;184;land;false;hills;6
1016;177;198;232;land;false;hills;6
1017;215;250;37;land;true;forest;6
1018;187;252;89;land;true;urban;6
1019;211;235;117;land;false;forest;6
1020;231;195;181;land;false;urban;6
1021;192;151;185;land;true;urban;6
1022;173;237;108;land;false;mountain;6
1023;200;209;142;land;false;hills;6
1024;176;152;249;land;false;mountain;6
1025;149;213;162;land;true;urban;6
1026;171;213;191;land;false;urban;6
1027;150;196;195;land;false;urban;6
1028;215;133;216;land;false;mountain;6
1029;185;221;165;land;false;urban;6
1030;148;204;162;land;true;plains;6
1031;226;131;220;land;false;urban;6
1032;168;235;213;land;false;urban;6
1033;228;167;150;land;false;urban;6
1034;183;123;230;land;false;hills;6
1035;247;51;251;land;true;urban;6
1036;224;62;243;land;false;urban;6
1037;235;106;225;land;false;hills;6
1038;193;230;92;land;false;urban;6
1039;237;240;70;land;false;urban;6
1040;165;235;102;land;false;mountain;6
1041;205;206;201;land;false;mountain;6
1042;134;146;241;land;false;urban;6
1043;108;195;215;land;true;plains;6
1044;230;95;225;land;false;urban;6
1045;238;170;246;land;false;urban;6
1046;145;233;172;land;true;hills;6
1047;203;246;112;land;true;plains;6
1048;172;197;241;land;true;urban;6
1049;88;214;207;land;true;plains;6
1050;195;164;163;land;true;plains;6
1051;215;111;247;land;true;forest;6
1052;191;116;229;land;false;urban;6
1053;243;198;195;land;true;urban;6
1054;232;126;202;land;false;urban;6
1055;227;241;136;land;false;forest;6
1056;179;137;218;land;true;forest;6
1057;162;220;203;land;false;forest;6
1058;165;232;173;land;false;urban;6
1059;246;169;190;land;true;plains;6
1060;238;251;77;land;false;forest;6
1061;182;186;230;land;false;forest;6
1062;144;229;251;land;false;forest;6
1063;249;227;250;land;true;urban;6
1064;212;167;215;land;true;urban;6
1065;243;222;201;land;true;forest;6
1066;189;237;180;land;true;urban;6
1067;197;225;222;land;false;urban;6
1068;191;179;177;land;false;hills;6
1069;97;194;253;land;false;forest;6
1070;232;189;96;land;false;hills;6
1071;204;166;183;land;false;forest;6
1072;208;180;151;land;false;forest;6
1073;249;140;192;land;true;plains;6
1074;219;135;212;land;false;forest;6
1075;136;195;222;land;false;urban;6
1076;111;164;245;land;true;urban;6
1077;113;232;183;land;false;hills;6
1078;77;219;232;land;true;plains;6
1079;147;235;230;land;false;urban;6
1080;248;119;199;land;true;urban;6
1081;228;230;136;land;true;plains;6
1082;97;248;163;land;true;urban;6
1083;236;226;141;land;true;plains;6
1084;247;180;143;land;true;plains;6
1085;222;225;122;land;true;urban;6
1086;116;249;223;land;false;forest;6
1087;238;242;212;land;false;forest;6
1088;212;226;63;land;true;plains;6
1089;228;162;230;land;false;forest;6
1090;173;171;239;land;true;plains;6
1091;228;240;128;land;true;urban;6
1092;242;157;148;land;true;urban;6
1093;216;220;172;land;true;plains;6
1094;221;148;235;land;true;urban;6
1095;181;243;247;land;true;forest;6
1096;240;196;205;land;false;forest;6
1097;245;99;225;land;true;plains;6
1098;212;145;253;land;true;urban;6
1099;147;228;235;land;true;plains;6
1100;238;179;170;land;false;hills;6
1101;242;241;183;land;true;plains;6
1102;179;195;228;land;true;urban;6
1103;210;82;234;land;true;plains;6
1104;193;81;236;land;true;forest;6
1105;254;250;119;land;true;urban;6
1106;192;185;230;land;true;plains;6
1107;122;248;235;land;false;forest;6
1108;193;194;173;land;false;urban;6
1109;212;131;243;land;true;forest;6
1110;235;167;182;land;true;urban;6
1111;171;161;231;land;true;forest;6
1112;133;246;178;land;false;forest;6
1113;82;185;254;land;true;forest;6
1114;155;224;210;land;true;forest;6
1115;129;253;232;land;true;plains;6
1116;223;112;248;land;true;forest;6
1117;208;235;79;land;false;forest;6
1118;197;204;144;land;true;plains;6
1119;110;194;234;land;false;forest;6
1120;160;142;210;land;true;plains;6
1121;72;175;254;land;false;hills;6
1122;244;234;125;land;true;forest;6
1123;243;192;96;land;true;forest;6
1124;222;204;198;land;true;plains;6
1125;215;157;223;land;true;forest;6
1126;142;203;245;land;true;forest;6
1127;199;216;163;land;true;forest;6
1128;191;231;241;land;true;forest;6
1129;238;221;189;land;false;forest;6
1130;189;244;238;land;false;plains;6
1131;152;157;230;land;true;plains;6
1132;231;253;227;land;false;forest;6
1133;209;205;96;land;true;forest;6
1134;209;228;159;land;true;plains;6
1135;217;223;96;land;true;forest;6
1136;192;200;171;land;true;hills;6
1137;235;214;208;land;true;plains;6
1138;39;20;35;sea;false;ocean;0
1139;15;42;36;sea;true;ocean;0
1140;68;3;20;sea;false;ocean;0
1141;21;20;5;sea;false;ocean;0
1142;19;29;45;sea;false;ocean;0
1143;80;8;2;sea;false;ocean;0
1144;24;11;33;sea;false;ocean;0
1145;4;87;1;sea;false;ocean;0
1146;38;3;52;sea;false;ocean;0
1147;21;5;2;sea;false;ocean;0
1148;32;11;25;sea;false;ocean;0
1149;49;2;23;sea;true;ocean;0
1150;27;53;7;sea;true;ocean;0
1151;21;45;29;sea;false;ocean;0
1152;50;6;29;sea;false;ocean;0
1153;4;10;39;sea;false;ocean;0
1154;7;25;24;sea;false;ocean;0
1155;18;16;30;sea;false;ocean;0
1156;4;1;61;sea;false;ocean;0
1157;34;33;17;sea;false;ocean;0
1158;4;29;30;sea;false;ocean;0
1159;46;18;0;sea;false;ocean;0
1160;17;23;48;sea;true;ocean;0
1161;15;70;9;sea;false;ocean;0
1162;47;7;34;sea;false;ocean;0
1163;17;0;48;sea;false;ocean;0
1164;24;12;43;sea;false;ocean;0
1165;22;0;31;sea;false;ocean;0
1166;40;3;11;sea;false;ocean;0
1167;4;20;52;sea;false;ocean;0
1168;15;28;8;sea;false;ocean;0
1169;63;5;1;sea;false;ocean;0
1170;4;7;51;sea;false;ocean;0
1171;48;6;12;sea;false;ocean;0
1172;9;2;3;sea;false;ocean;0
1173;81;6;9;sea;false;ocean;0
1174;5;19;1;sea;false;ocean;0
1175;12;10;3;sea;false;ocean;0
1176;49;29;5;sea;false;ocean;0
1177;23;16;46;sea;true;ocean;0
1178;10;18;23;sea;false;ocean;0
1179;30;14;44;sea;false;ocean;0
1180;25;33;12;sea;false;ocean;0
1181;64;29;6;sea;false;ocean;0
1182;17;9;22;sea;true;ocean;0
1183;15;21;61;sea;false;ocean;0
1184;9;15;9;sea;false;ocean;0
1185;63;14;9;sea;false;ocean;0
1186;64;20;14;sea;false;ocean;0
1187;1;19;68;sea;false;ocean;0
1188;24;24;33;sea;false;ocean;0
1189;17;24;3;sea;false;ocean;0
1190;29;26;24;sea;true;ocean;0
1191;13;0;59;sea;false;ocean;0
1192;8;14;59;sea;true;ocean;0
1193;3;45;6;sea;false;ocean;0
1194;21;47;10;sea;false;ocean;0
1195;63;0;12;sea;false;ocean;0
1196;88;2;8;sea;true;ocean;0
1197;47;18;26;sea;true;ocean;0
1198;28;18;18;sea;false;ocean;0
1199;74;9;9;sea;true;ocean;0
1200;42;52;5;sea;false;ocean;0
1201;2;60;35;sea;false;ocean;0
1202;23;42;2;sea;true;ocean;0
1203;19;8;49;sea;false;ocean;0
1204;22;25;7;sea;false;ocean;0
1205;9;47;22;sea;false;ocean;0
1206;17;1;65;sea;false;ocean;0
1207;62;37;0;sea;false;ocean;0
1208;39;1;49;sea;false;ocean;0
1209;65;17;9;sea;false;ocean;0
1210;71;14;0;sea;true;ocean;0
1211;37;32;12;sea;false;ocean;0
1212;33;27;18;sea;false;ocean;0
1213;36;4;24;sea;false;ocean;0
1214;59;31;3;sea;false;ocean;0
1215;27;20;47;sea;false;ocean;0
1216;11;9;19;sea;true;ocean;0
1217;6;60;2;sea;false;ocean;0
1218;2;58;30;sea;false;ocean;0
1219;17;15;66;sea;false;ocean;0
1220;56;23;15;sea;true;ocean;0
1221;37;15;15;sea;false;ocean;0
1222;19;15;19;sea;false;ocean;0
1223;22;29;16;sea;false;ocean;0
1224;12;50;16;sea;false;ocean;0
1225;0;7;77;sea;false;ocean;0
1226;9;21;43;sea;false;ocean;0
1227;26;22;24;sea;true;ocean;0
1228;42;24;7;sea;false;ocean;0
1229;12;70;7;sea;false;ocean;0
1230;6;2;17;sea;false;ocean;0
1231;45;5;19;sea;false;ocean;0
1232;15;51;18;sea;false;ocean;0
1233;57;34;3;sea;false;ocean;0
1234;10;37;27;sea;false;ocean;0
1235;13;22;18;sea;false;ocean;0
1236;13;38;48;sea;false;ocean;0
1237;23;7;11;sea;false;ocean;0
1238;57;2;29;sea;false;ocean;0
1239;8;10;77;sea;false;ocean;0
1240;30;5;36;sea;false;ocean;0
1241;2;33;46;sea;false;ocean;0
1242;19;32;27;sea;false;ocean;0
1243;22;1;31;sea;false;ocean;0
1244;24;7;48;sea;false;ocean;0
1245;66;6;17;sea;false;ocean;0
1246;46;2;44;sea;false;ocean;0
1247;2;25;51;sea;false;ocean;0
1248;31;25;27;sea;true;ocean;0
1249;3;36;23;sea;true;ocean;0
1250;51;6;40;sea;false;ocean;0
1251;11;31;15;sea;false;ocean;0
1252;6;19;10;sea;false;ocean;0
1253;7;0;91;sea;false;ocean;0
1254;25;56;13;sea;false;ocean;0
1255;53;29;10;sea;true;ocean;0
1256;12;17;55;sea;false;ocean;0
1257;2;6;89;sea;false;ocean;0
1258;52;21;4;sea;false;ocean;0
1259;14;32;8;sea;false;ocean;0
1260;43;25;27;sea;false;ocean;0
1261;53;7;39;sea;false;ocean;0
1262;21;3;30;sea;true;ocean;0
1263;60;6;10;sea;false;ocean;0
1264;36;17;34;sea;false;ocean;0
1265;35;22;3;sea;false;ocean;0
1266;90;1;3;sea;false;ocean;0
1267;16;5;3;sea;false;ocean;0
1268;34;61;3;sea;false;ocean;0
1269;12;23;32;sea;false;ocean;0
1270;39;41;17;sea;true;ocean;0
1271;65;0;21;sea;true;ocean;0
1272;79;11;9;sea;false;ocean;0
1273;5;3;4;sea;true;ocean;0
1274;23;8;20;sea;false;ocean;0
1275;15;12;66;sea;false;ocean;0
1276;12;26;23;sea;false;ocean;0
1277;44;4;14;sea;false;ocean;0
1278;5;24;52;sea;false;ocean;0
1279;69;1;12;sea;false;ocean;0
1280;10;26;26;sea;true;ocean;0
1281;23;16;12;sea;true;ocean;0
1282;3;6;38;sea;false;ocean;0
1283;5;13;34;sea;false;ocean;0
1284;9;23;3;sea;false;ocean;0
1285;46;24;0;sea;false;ocean;0
1286;22;29;8;sea;false;ocean;0
1287;40;22;18;sea;false;ocean;0
1288;11;25;41;sea;true;ocean;0
1289;5;49;26;sea;false;ocean;0
1290;25;39;15;sea;false;ocean;0
1291;55;27;17;sea;false;ocean;0
1292;3;14;21;sea;false;ocean;0
1293;57;7;15;sea;false;ocean;0
1294;21;26;3;sea;false;ocean;0
1295;3;43;28;sea;false;ocean;0
1296;1;45;13;sea;false;ocean;0
1297;15;2;33;sea;false;ocean;0
1298;83;8;3;sea;false;ocean;0
1299;26;52;6;sea;false;ocean;0
1300;5;12;48;sea;false;ocean;0
1301;39;20;11;sea;true;ocean;0
1302;13;4;49;sea;true;ocean;0
1303;44;23;7;sea;false;ocean;0
1304;36;8;52;sea;false;ocean;0
1305;69;1;21;sea;false;ocean;0
1306;50;5;0;sea;false;ocean;0
1307;16;41;42;sea;false;ocean;0
1308;18;70;8;sea;false;ocean;0
1309;13;77;2;sea;false;ocean;0
1310;7;21;24;sea;false;ocean;0
1311;0;15;75;sea;false;ocean;0
1312;17;41;9;sea;false;ocean;0
1313;35;0;41;sea;false;ocean;0
1314;28;23;23;sea;true;ocean;0
1315;31;16;42;sea;false;ocean;0
1316;16;23;51;sea;false;ocean;0
1317;32;10;2;sea;false;ocean;0
1318;64;1;23;sea;false;ocean;0
1319;4;38;31;sea;false;ocean;0
1320;32;38;15;sea;false;ocean;0
1321;6;25;47;sea;false;ocean;0
1322;26;25;43;sea;false;ocean;0
1323;22;38;26;sea;false;ocean;0
1324;23;1;58;sea;true;ocean;0
1325;31;1;51;sea;false;ocean;0
1326;44;41;2;sea;false;ocean;0
1327;13;28;32;sea;false;ocean;0
1328;6;7;66;sea;true;ocean;0
1329;7;11;70;sea;false;ocean;0
1330;33;28;34;sea;false;ocean;0
1331;33;19;30;sea;false;ocean;0
1332;25;57;9;sea;false;ocean;0
1333;2;11;48;sea;false;ocean;0
1334;22;44;3;sea;false;ocean;0
1335;50;36;10;sea;false;ocean;0
1336;1;12;61;sea;false;ocean;0
1337;12;6;60;sea;false;ocean;0
1338;23;26;49;sea;false;ocean;0
1339;51;18;6;sea;true;ocean;0
1340;36;15;22;sea;false;ocean;0
1341;3;2;53;sea;true;ocean;0
1342;5;4;11;sea;false;ocean;0
1343;71;11;5;sea;false;ocean;0
1344;12;2;82;sea;false;ocean;0
1345;12;19;38;sea;false;ocean;0
1346;6;62;8;sea;false;ocean;0
1347;25;7;32;sea;true;ocean;0
1348;73;20;6;sea;false;ocean;0
1349;4;37;19;sea;false;ocean;0
1350;31;29;0;sea;false;ocean;0
1351;62;15;2;sea;false;ocean;0
1352;41;9;7;sea;true;ocean;0
1353;58;8;10;sea;true;ocean;0
1354;54;26;8;sea;false;ocean;0
1355;12;4;82;sea;false;ocean;0
1356;48;18;31;sea;false;ocean;0
1357;17;35;4;sea;false;ocean;0
1358;45;9;13;sea;false;ocean;0
1359;5;65;0;sea;false;ocean;0
1360;21;41;16;sea;false;ocean;0
1361;16;6;20;sea;false;ocean;0
1362;14;40;25;sea;false;ocean;0
1363;13;24;27;sea;false;ocean;0
1364;45;40;11;sea;false;ocean;0
1365;3;28;17;sea;false;ocean;0
1366;78;4;5;sea;false;ocean;0
1367;30;9;1;sea;true;ocean;0
1368;44;50;4;sea;false;ocean;0
1369;17;9;10;sea;false;ocean;0
1370;15;6;14;sea;false;ocean;0
1371;80;14;3;sea;false;ocean;0
1372;32;1;22;sea;true;ocean;0
1373;26;1;51;sea;true;ocean;0
1374;20;43;14;sea;false;ocean;0
1375;33;5;43;sea;false;ocean;0
1376;13;2;62;sea;false;ocean;0
1377;3;37;23;sea;false;ocean;0
1378;13;70;5;sea;false;ocean;0
1379;37;15;39;sea;false;ocean;0
1380;52;10;13;sea;false;ocean;0
1381;29;14;22;sea;false;ocean;0
1382;59;24;10;sea;false;ocean;0
1383;15;24;14;sea;false;ocean;0
1384;32;19;3;sea;false;ocean;0
1385;4;3;48;sea;true;ocean;0
1386;21;15;16;sea;false;ocean;0
1387;72;4;17;sea;false;ocean;0
1388;22;37;18;sea;false;ocean;0
1389;6;6;28;sea;false;ocean;0
1390;7;2;14;sea;false;ocean;0
1391;34;4;50;sea;false;ocean;0
1392;39;14;11;sea;true;ocean;0
1393;61;8;27;sea;false;ocean;0
1394;7;26;51;sea;false;ocean;0
1395;2;36;30;sea;true;ocean;0
1396;7;44;22;sea;false;ocean;0
1397;4;79;0;sea;false;ocean;0
1398;53;22;6;sea;true;ocean;0
1399;0;12;5;sea;false;ocean;0
1400;56;1;19;sea;false;ocean;0
1401;0;72;22;sea;false;ocean;0
1402;0;23;57;sea;false;ocean;0
1403;22;3;57;sea;false;ocean;0
1404;77;2;8;sea;false;ocean;0
1405;8;14;32;sea;false;ocean;0
1406;41;35;5;sea;false;ocean;0
1407;2;5;20;sea;false;ocean;0
1408;31;0;48;sea;false;ocean;0
1409;15;45;16;sea;false;ocean;0
1410;4;27;17;sea;false;ocean;0
1411;16;61;16;sea;true;ocean;0
1412;65;8;3;sea;false;ocean;0
1413;18;34;0;sea;false;ocean;0
1414;36;11;41;sea;false;ocean;0
1415;35;11;26;sea;false;ocean;0
1416;54;14;18;sea;false;ocean;0
1417;12;5;11;sea;false;ocean;0
1418;0;25;54;sea;false;ocean;0
1419;5;72;5;sea;false;ocean;0
1420;20;14;33;sea;false;ocean;0
1421;51;2;2;sea;true;ocean;0
1422;14;60;15;sea;true;ocean;0
1423;11;29;30;sea;false;ocean;0
1424;26;50;2;sea;false;ocean;0
1425;31;9;4;sea;false;ocean;0
1426;39;19;33;sea;false;ocean;0
1427;34;1;33;sea;false;ocean;0
1428;38;51;3;sea;false;ocean;0
1429;18;20;10;sea;false;ocean;0
1430;26;27;36;sea;false;ocean;0
1431;15;3;27;sea;false;ocean;0
1432;46;17;19;sea;false;ocean;0
1433;53;4;2;sea;false;ocean;0
1434;16;33;7;sea;false;ocean;0
1435;39;14;0;sea;false;ocean;0
1436;32;5;26;sea;false;ocean;0
1437;5;78;6;sea;false;ocean;0
1438;74;7;0;sea;false;ocean;0
1439;25;2;22;sea;false;ocean;0
1440;29;2;1;sea;false;ocean;0
1441;57;13;28;sea;false;ocean;0
1442;30;26;13;sea;false;ocean;0
1443;46;4;20;sea;false;ocean;0
1444;12;49;35;sea;true;ocean;0
1445;27;24;2;sea;false;ocean;0
1446;66;3;17;sea;true;ocean;0
1447;18;25;13;sea;false;ocean;0
1448;3;15;52;sea;false;ocean;0
1449;35;20;28;sea;false;ocean;0
1450;40;8;11;sea;false;ocean;0
1451;2;54;8;sea;true;ocean;0
1452;36;24;16;sea;false;ocean;0
1453;71;16;4;sea;false;ocean;0
1454;39;30;15;sea;false;ocean;0
1455;2;12;33;sea;true;ocean;0
1456;26;6;13;sea;false;ocean;0
1457;54;3;34;sea;false;ocean;0
1458;1;6;49;sea;false;ocean;0
1459;25;42;13;sea;false;ocean;0
1460;4;61;8;sea;false;ocean;0
1461;20;37;27;sea;false;ocean;0
1462;22;10;3;sea;false;ocean;0
1463;6;9;1;sea;false;ocean;0
1464;27;17;12;sea;false;ocean;0
1465;25;0;55;sea;false;ocean;0
1466;16;13;15;sea;false;ocean;0
1467;12;0;74;sea;true;ocean;0
1468;9;59;24;sea;false;ocean;0
1469;27;9;45;sea;false;ocean;0
1470;21;29;22;sea;true;ocean;0
1471;10;16;37;sea;false;ocean;0
1472;5;3;67;sea;true;ocean;0
1473;60;19;15;sea;false;ocean;0
1474;40;9;23;sea;false;ocean;0
1475;46;6;46;sea;false;ocean;0
1476;0;20;52;sea;false;ocean;0
1477;52;10;0;sea;false;ocean;0
1478;3;43;6;sea;false;ocean;0
1479;11;42;43;sea;false;ocean;0
1480;80;0;12;sea;false;ocean;0
1481;23;63;4;sea;false;ocean;0
1482;3;29;18;sea;false;ocean;0
1483;18;38;26;sea;false;ocean;0
1484;5;69;22;sea;false;ocean;0
1485;65;26;5;sea;false;ocean;0
1486;24;31;40;sea;true;ocean;0
1487;47;18;34;sea;false;ocean;0
1488;38;4;39;sea;true;ocean;0
1489;69;16;8;sea;true;ocean;0
1490;6;18;8;sea;false;ocean;0
1491;26;11;21;sea;false;ocean;0
1492;22;4;26;sea;false;ocean;0
1493;11;8;33;sea;false;ocean;0
1494;17;25;37;sea;false;ocean;0
1495;33;4;18;sea;false;ocean;0
1496;37;1;56;sea;false;ocean;0
1497;8;34;54;sea;true;ocean;0
1498;13;58;27;sea;true;ocean;0
1499;11;1;30;sea;false;ocean;0
1500;5;77;4;sea;false;ocean;0
1501;78;9;6;sea;true;ocean;0
1502;7;45;8;sea;false;ocean;0
1503;10;64;16;sea;true;ocean;0
1504;1;26;70;sea;false;ocean;0
1505;13;22;21;sea;false;ocean;0
1506;41;42;3;sea;false;ocean;0
1507;0;22;2;sea;false;ocean;0
1508;28;33;16;sea;false;ocean;0
1509;47;16;1;sea;false;ocean;0
1510;38;25;11;sea;false;ocean;0
1511;22;6;0;sea;false;ocean;0
1512;33;16;0;sea;false;ocean;0
1513;11;5;69;sea;false;ocean;0
1514;26;56;4;sea;false;ocean;0
1515;2;71;24;sea;false;ocean;0
1516;19;29;22;sea;true;ocean;0
1517;13;7;6;sea;false;ocean;0
1518;56;2;39;sea;false;ocean;0
1519;61;2;31;sea;false;ocean;0
1520;14;5;70;sea;true;ocean;0
1521;56;5;23;sea;false;ocean;0
1522;17;52;28;sea;false;ocean;0
1523;24;57;0;sea;false;ocean;0
1524;19;27;21;sea;false;ocean;0
1525;26;19;32;sea;false;ocean;0
1526;20;10;46;sea;false;ocean;0
1527;1;4;62;sea;false;ocean;0
1528;33;37;19;sea;false;ocean;0
1529;22;14;52;sea;false;ocean;0
1530;21;28;50;sea;false;ocean;0
1531;3;8;50;sea;false;ocean;0
1532;72;4;4;sea;false;ocean;0
1533;0;18;32;sea;true;ocean;0
1534;18;38;2;sea;false;ocean;0
1535;27;33;3;sea;false;ocean;0
1536;4;10;68;sea;false;ocean;0
1537;21;26;45;sea;false;ocean;0
1538;4;60;33;sea;true;ocean;0
1539;49;0;41;sea;false;ocean;0
1540;29;21;25;sea;false;ocean;0
1541;2;25;64;sea;false;ocean;0
1542;31;19;21;sea;false;ocean;0
1543;17;0;31;sea;true;ocean;0
1544;0;9;48;sea;false;ocean;0
1545;28;12;14;sea;true;ocean;0
1546;35;30;14;sea;false;ocean;0
1547;45;6;36;sea;false;ocean;0
1548;34;50;4;sea;false;ocean;0
1549;40;36;20;sea;false;ocean;0
1550;36;20;32;sea;true;ocean;0
1551;43;1;6;sea;true;ocean;0
1552;10;9;5;sea;false;ocean;0
1553;23;35;31;sea;false;ocean;0
1554;11;24;62;sea;false;ocean;0
1555;30;39;7;sea;false;ocean;0
1556;11;26;12;sea;false;ocean;0
1557;19;12;60;sea;false;ocean;0
1558;20;47;26;sea;false;ocean;0
1559;18;18;51;sea;true;ocean;0
1560;54;24;12;sea;false;ocean;0
1561;19;16;14;sea;false;ocean;0
1562;23;5;38;sea;false;ocean;0
1563;17;20;48;sea;false;ocean;0
1564;42;3;50;sea;false;ocean;0
1565;12;26;45;sea;false;ocean;0
1566;13;62;10;sea;true;ocean;0
1567;51;12;15;sea;true;ocean;0
1568;44;1;40;sea;false;ocean;0
1569;50;10;35;sea;false;ocean;0
1570;6;69;15;sea;false;ocean;0
1571;29;44;3;sea;false;ocean;0
1572;1;21;14;sea;true;ocean;0
1573;13;14;48;sea;false;ocean;0
1574;15;25;58;sea;false;ocean;0
1575;2;7;31;sea;false;ocean;0
1576;46;12;1;sea;false;ocean;0
1577;21;58;16;sea;true;ocean;0
1578;84;6;9;sea;false;ocean;0
1579;1;20;3;sea;false;ocean;0
1580;38;8;45;sea;true;ocean;0
1581;32;4;12;sea;false;ocean;0
1582;43;29;20;sea;false;ocean;0
1583;2;47;41;sea;false;ocean;0
1584;10;38;2;sea;false;ocean;0
1585;44;4;43;sea;false;ocean;0
1586;15;12;22;sea;false;ocean;0
1587;64;20;2;sea;false;ocean;0
1588;0;82;0;sea;false;ocean;0
1589;10;47;19;sea;false;ocean;0
1590;57;27;12;sea;false;ocean;0
1591;1;41;30;sea;false;ocean;0
1592;13;19;15;sea;false;ocean;0
1593;3;17;44;sea;false;ocean;0
1594;17;59;5;sea;false;ocean;0
1595;10;7;7;sea;false;ocean;0
1596;69;0;11;sea;false;ocean;0
1597;66;12;19;sea;false;ocean;0
1598;13;71;10;sea;false;ocean;0
1599;80;14;5;sea;false;ocean;0
1600;20;17;6;sea;false;ocean;0
1601;61;1;16;sea;true;ocean;0
1602;36;11;13;sea;false;ocean;0
1603;3;7;62;sea;true;ocean;0
1604;29;42;0;sea;false;ocean;0
1605;12;21;42;sea;false;ocean;0
1606;25;25;13;sea;false;ocean;0
1607;27;6;2;sea;false;ocean;0
1608;11;65;21;sea;false;ocean;0
1609;47;1;7;sea;true;ocean;0
1610;54;18;25;sea;false;ocean;0
1611;24;52;10;sea;false;ocean;0
1612;11;75;13;sea;false;ocean;0
1613;20;47;29;sea;false;ocean;0
1614;91;2;4;sea;false;ocean;0
1615;7;58;10;sea;true;ocean;0
1616;8;23;63;sea;false;ocean;0
1617;9;3;15;sea;false;ocean;0
1618;63;8;16;sea;false;ocean;0
1619;11;17;53;sea;true;ocean;0
1620;36;53;0;sea;false;ocean;0
1621;25;60;12;sea;true;ocean;0
1622;9;20;42;sea;false;ocean;0
1623;28;6;39;sea;false;ocean;0
1624;44;42;7;sea;true;ocean;0
1625;0;11;77;sea;false;ocean;0
1626;1;38;20;sea;false;ocean;0
1627;33;27;8;sea;true;ocean;0
1628;39;26;24;sea;true;ocean;0
1629;30;41;12;sea;false;ocean;0
1630;6;3;4;sea;false;ocean;0
1631;21;16;54;sea;false;ocean;0
1632;27;43;28;sea;false;ocean;0
1633;20;57;16;sea;false;ocean;0
1634;11;19;19;sea;false;ocean;0
1635;20;25;54;sea;false;ocean;0
1636;18;3;34;sea;false;ocean;0
1637;5;51;5;sea;false;ocean;0
1638;37;50;1;sea;false;ocean;0
1639;27;25;8;sea;false;ocean;0
1640;39;2;37;sea;true;ocean;0
1641;5;18;13;sea;false;ocean;0
1642;6;5;88;sea;false;ocean;0
1643;46;8;31;sea;false;ocean;0
1644;61;4;25;sea;false;ocean;0
1645;15;40;11;sea;false;ocean;0
1646;2;11;17;sea;false;ocean;0
1647;78;7;8;sea;false;ocean;0
1648;44;30;5;sea;true;ocean;0
1649;25;16;41;sea;true;ocean;0
1650;60;12;10;sea;false;ocean;0
1651;25;38;19;sea;false;ocean;0
1652;41;11;26;sea;false;ocean;0
1653;10;22;1;sea;true;ocean;0
1654;20;73;0;sea;false;ocean;0
1655;71;14;14;sea;true;ocean;0
1656;4;58;3;sea;false;ocean;0
1657;33;2;7;sea;false;ocean;0
1658;39;19;2;sea;false;ocean;0
1659;8;66;10;sea;true;ocean;0
1660;24;2;59;sea;false;ocean;0
1661;32;20;29;sea;false;ocean;0
1662;5;21;32;sea;false;ocean;0
1663;28;3;56;sea;true;ocean;0
1664;47;8;38;sea;false;ocean;0
1665;40;11;1;sea;true;ocean;0
1666;68;2;26;sea;false;ocean;0
1667;2;12;41;sea;false;ocean;0
1668;4;19;50;sea;true;ocean;0
1669;50;20;13;sea;false;ocean;0
1670;50;3;24;sea;false;ocean;0
1671;13;8;75;sea;false;ocean;0
1672;13;11;30;sea;false;ocean;0
1673;28;1;10;sea;false;ocean;0
1674;1;34;7;sea;false;ocean;0
1675;73;4;5;sea;true;ocean;0
1676;37;18;15;sea;false;ocean;0
1677;3;50;16;sea;false;ocean;0
1678;17;14;29;sea;false;ocean;0
1679;23;27;28;sea;true;ocean;0
1680;13;51;33;sea;true;ocean;0
1681;7;43;10;sea;false;ocean;0
1682;77;5;15;sea;false;ocean;0
1683;14;33;37;sea;true;ocean;0
1684;28;53;14;sea;false;ocean;0
1685;1;17;52;sea;true;ocean;0
1686;14;76;0;sea;true;ocean;0
1687;10;9;34;sea;false;ocean;0
1688;10;20;2;sea;false;ocean;0
1689;1;52;15;sea;false;ocean;0
1690;0;23;1;sea;false;ocean;0
1691;16;69;6;sea;false;ocean;0
1692;19;0;16;sea;true;ocean;0
1693;2;25;11;sea;false;ocean;0
1694;0;53;33;sea;false;ocean;0
1695;36;26;16;sea;false;ocean;0
1696;5;72;4;sea;false;ocean;0
1697;38;12;43;sea;true;ocean;0
1698;56;5;17;sea;false;ocean;0
1699;23;7;49;sea;true;ocean;0
1700;23;30;16;sea;false;ocean;0
1701;46;4;47;sea;false;ocean;0
1702;8;15;50;sea;false;ocean;0
1703;25;41;33;sea;true;ocean;0
1704;22;3;51;sea;false;ocean;0
1705;4;25;69;sea;false;ocean;0
1706;14;15;36;sea;true;ocean;0
1707;57;10;14;sea;true;ocean;0
1708;57;2;21;sea;false;ocean;0
1709;12;20;50;sea;false;ocean;0
1710;24;6;55;sea;true;ocean;0
1711;0;20;63;sea;false;ocean;0
1712;17;21;49;sea;false;ocean;0
1713;4;21;59;sea;true;ocean;0
1714;39;20;25;sea;false;ocean;0
1715;38;2;18;sea;false;ocean;0
1716;25;2;29;sea;false;ocean;0
1717;27;4;51;sea;false;ocean;0
1718;2;8;41;sea;false;ocean;0
1719;2;30;3;sea;false;ocean;0
1720;52;8;28;sea;true;ocean;0
1721;70;8;17;sea;false;ocean;0
1722;16;34;20;sea;true;ocean;0
1723;47;19;22;sea;false;ocean;0
1724;22;1;4;sea;false;ocean;0
1725;44;8;16;sea;true;ocean;0
1726;3;10;85;sea;false;ocean;0
1727;9;39;26;sea;false;ocean;0
1728;60;9;9;sea;true;ocean;0
1729;16;63;2;sea;false;ocean;0
1730;11;16;28;sea;false;ocean;0
1731;6;8;82;sea;false;ocean;0
1732;22;25;42;sea;false;ocean;0
1733;49;13;1;sea;false;ocean;0
1734;37;41;4;sea;false;ocean;0
1735;22;31;8;sea;true;ocean;0
1736;15;35;8;sea;false;ocean;0
1737;9;5;30;sea;false;ocean;0
1738;15;20;38;sea;false;ocean;0
1739;62;1;35;sea;false;ocean;0
1740;2;50;32;sea;true;ocean;0
1741;66;10;2;sea;false;ocean;0
1742;41;41;13;sea;false;ocean;0
1743;1;0;37;sea;true;ocean;0
1744;12;21;41;sea;false;ocean;0
1745;5;17;1;sea;false;ocean;0
1746;39;36;18;sea;false;ocean;0
1747;3;61;19;sea;false;ocean;0
1748;6;17;72;sea;false;ocean;0
1749;25;15;57;sea;false;ocean;0
1750;17;35;11;sea;true;ocean;0
1751;50;9;34;sea;false;ocean;0
1752;52;25;20;sea;false;ocean;0
1753;13;32;29;sea;true;ocean;0
1754;5;32;5;sea;false;ocean;0
1755;27;33;7;sea;true;ocean;0
1756;27;25;30;sea;true;ocean;0
1757;17;42;27;sea;true;ocean;0
1758;38;52;1;sea;false;ocean;0
1759;59;13;13;sea;false;ocean;0
1760;47;10;17;sea;true;ocean;0
1761;8;42;42;sea;false;ocean;0
1762;0;2;9;sea;false;ocean;0
1763;26;0;58;sea;false;ocean;0
1764;16;13;50;sea;true;ocean;0
1765;67;7;17;sea;false;ocean;0
1766;50;1;24;sea;false;ocean;0
1767;10;24;64;sea;false;ocean;0
1768;28;8;53;sea;false;ocean;0
1769;49;1;43;sea;true;ocean;0
1770;23;67;2;sea;false;ocean;0
1771;19;27;33;sea;false;ocean;0
1772;72;8;2;sea;false;ocean;0
1773;2;20;10;sea;false;ocean;0
1774;19;22;52;sea;true;ocean;0
1775;39;11;5;sea;false;ocean;0
1776;22;17;26;sea;false;ocean;0
1777;27;10;3;sea;false;ocean;0
1778;17;36;6;sea;false;ocean;0
1779;27;26;18;sea;false;ocean;0
1780;4;25;42;sea;false;ocean;0
1781;12;29;10;sea;false;ocean;0
1782;33;0;0;sea;false;ocean;0
1783;2;77;10;sea;true;ocean;0
1784;17;58;15;sea;false;ocean;0
1785;49;5;16;sea;true;ocean;0
1786;9;54;28;sea;false;ocean;0
1787;18;66;4;sea;false;ocean;0
1788;38;13;2;sea;false;ocean;0
1789;32;3;42;sea;false;ocean;0
1790;24;30;39;sea;false;ocean;0
1791;12;38;2;sea;false;ocean;0
1792;16;12;5;sea;false;ocean;0
1793;13;3;34;sea;false;ocean;0
1794;20;26;12;sea;false;ocean;0
1795;42;32;23;sea;false;ocean;0
1796;29;11;14;sea;false;ocean;0
1797;21;38;19;sea;false;ocean;0
1798;59;22;9;sea;false;ocean;0
1799;32;44;20;sea;false;ocean;0
1800;42;8;48;sea;true;ocean;0
1801;74;9;10;sea;true;ocean;0
1802;4;69;17;sea;true;ocean;0
1803;53;13;31;sea;true;ocean;0
1804;0;28;55;sea;true;ocean;0
1805;60;7;16;sea;true;ocean;0
1806;4;8;61;sea;false;ocean;0
1807;37;22;17;sea;true;ocean;0
1808;49;1;11;sea;false;ocean;0
1809;22;4;50;sea;false;ocean;0
1810;36;24;24;sea;true;ocean;0
1811;28;44;6;sea;false;ocean;0
1812;32;42;0;sea;false;ocean;0
1813;85;12;0;sea;false;ocean;0
1814;1;57;14;sea;false;ocean;0
1815;2;66;7;sea;true;ocean;0
1816;52;8;26;sea;false;ocean;0
1817;23;20;31;sea;false;ocean;0
1818;10;0;9;sea;false;ocean;0
1819;34;2;35;sea;false;ocean;0
1820;5;13;15;sea;false;ocean;0
1821;35;27;25;sea;false;ocean;0
1822;48;17;10;sea;false;ocean;0
1823;17;1;60;sea;false;ocean;0
1824;32;16;35;sea;false;ocean;0
1825;4;40;42;sea;true;ocean;0
1826;22;59;0;sea;true;ocean;0
1827;3;48;18;sea;false;ocean;0
1828;47;7;37;sea;false;ocean;0
1829;28;24;0;sea;false;ocean;0
1830;86;1;6;sea;true;ocean;0
1831;13;22;60;sea;true;ocean;0
1832;43;5;23;sea;false;ocean;0
1833;12;14;16;sea;false;ocean;0
1834;70;18;8;sea;false;ocean;0
1835;30;10;57;sea;false;ocean;0
1836;17;0;33;sea;false;ocean;0
1837;10;10;11;sea;false;ocean;0
1838;2;39;3;sea;false;ocean;0
1839;30;1;30;sea;true;ocean;0
1840;0;49;0;sea;false;ocean;0
1841;7;10;46;sea;false;ocean;0
1842;27;17;22;sea;false;ocean;0
1843;51;17;27;sea;true;ocean;0
1844;41;42;2;sea;false;ocean;0
1845;28;29;31;sea;false;ocean;0
1846;26;24;27;sea;false;ocean;0
1847;14;80;0;sea;false;ocean;0
1848;24;65;3;sea;false;ocean;0
1849;28;13;14;sea;false;ocean;0
1850;54;7;13;sea;false;ocean;0
1851;2;32;1;sea;false;ocean;0
1852;18;26;22;sea;false;ocean;0
1853;56;31;6;sea;false;ocean;0
1854;10;10;18;sea;false;ocean;0
1855;11;13;19;sea;false;ocean;0
1856;32;37;21;sea;false;ocean;0
1857;12;20;18;sea;true;ocean;0
1858;24;47;18;sea;true;ocean;0
1859;3;35;39;sea;false;ocean;0
1860;17;53;21;sea;false;ocean;0
1861;32;41;18;sea;false;ocean;0
1862;31;0;58;sea;false;ocean;0
1863;12;24;20;sea;false;ocean;0
1864;0;84;15;sea;true;ocean;0
1865;62;36;0;sea;true;ocean;0
1866;30;29;40;sea;false;ocean;0
1867;10;51;10;sea;false;ocean;0
1868;2;5;88;sea;false;ocean;0
1869;1;62;5;sea;false;ocean;0
1870;2;31;31;sea;false;ocean;0
1871;15;67;11;sea;true;ocean;0
1872;48;26;18;sea;true;ocean;0
1873;36;8;48;sea;true;ocean;0
1874;1;5;8;sea;false;ocean;0
1875;38;33;27;sea;false;ocean;0
1876;46;32;19;sea;false;ocean;0
1877;45;12;20;sea;false;ocean;0
1878;11;33;14;sea;false;ocean;0
1879;30;26;16;sea;false;ocean;0
1880;19;6;0;sea;false;ocean;0
1881;25;24;20;sea;false;ocean;0
1882;28;41;23;sea;false;ocean;0
1883;48;25;10;sea;true;ocean;0
1884;7;24;54;sea;false;ocean;0
1885;43;34;17;sea;false;ocean;0
1886;57;7;11;sea;true;ocean;0
1887;42;27;3;sea;false;ocean;0
1888;0;19;52;sea;false;ocean;0
1889;33;39;26;sea;true;ocean;0
1890;27;24;25;sea;true;ocean;0
1891;37;32;14;sea;false;ocean;0
1892;27;34;15;sea;false;ocean;0
1893;8;41;2;sea;true;ocean;0
1894;35;16;17;sea;true;ocean;0
1895;8;16;27;sea;false;ocean;0
1896;61;1;15;sea;false;ocean;0
1897;19;43;5;sea;false;ocean;0
1898;8;22;59;sea;false;ocean;0
1899;51;7;31;sea;false;ocean;0
1900;13;78;5;sea;false;ocean;0
1901;5;30;8;sea;false;ocean;0
1902;41;8;7;sea;false;ocean;0
1903;19;19;17;sea;false;ocean;0
1904;10;23;36;sea;false;ocean;0
1905;19;7;20;sea;false;ocean;0
1906;20;10;43;sea;true;ocean;0
1907;49;19;19;sea;false;ocean;0
1908;2;3;64;sea;true;ocean;0
1909;1;53;37;sea;false;ocean;0
1910;38;10;0;sea;true;ocean;0
1911;2;8;28;sea;false;ocean;0
1912;23;12;61;sea;false;ocean;0
1913;33;58;6;sea;true;ocean;0
1914;44;47;8;sea;false;ocean;0
1915;67;5;22;sea;false;ocean;0
1916;9;42;14;sea;true;ocean;0
1917;26;39;3;sea;false;ocean;0
1918;11;37;11;sea;false;ocean;0
1919;12;24;54;sea;true;ocean;0
1920;4;67;28;sea;false;ocean;0
1921;10;24;34;sea;false;ocean;0
1922;1;4;74;sea;false;ocean;0
1923;55;0;28;sea;false;ocean;0
1924;0;6;39;sea;true;ocean;0
1925;9;2;70;sea;false;ocean;0
1926;19;16;59;sea;false;ocean;0
1927;36;16;1;sea;true;ocean;0
1928;5;21;67;sea;false;ocean;0
1929;5;11;4;sea;false;ocean;0
1930;78;8;2;sea;false;ocean;0
1931;36;4;22;sea;false;ocean;0
1932;17;2;70;sea;true;ocean;0
1933;21;0;56;sea;false;ocean;0
1934;10;55;10;sea;true;ocean;0
1935;30;30;39;sea;false;ocean;0
1936;12;25;60;sea;false;ocean;0
1937;9;35;25;sea;true;ocean;0
1938;8;24;67;sea;true;ocean;0
1939;28;28;25;sea;true;ocean;0
1940;43;37;4;sea;true;ocean;0
1941;18;22;29;sea;false;ocean;0
1942;0;75;20;sea;false;ocean;0
1943;7;31;48;sea;false;ocean;0
1944;58;17;1;sea;true;ocean;0
1945;36;4;40;sea;false;ocean;0
1946;22;22;23;sea;false;ocean;0
1947;1;23;65;sea;false;ocean;0
1948;47;25;2;sea;false;ocean;0
1949;33;8;23;sea;false;ocean;0
1950;103;12;33;lake;false;lakes;0
1951;54;70;20;lake;false;lakes;0
1952;12;103;29;lake;false;lakes;0
1953;38;30;49;lake;false;lakes;0
1954;2;67;77;lake;false;lakes;0
1955;43;49;22;lake;false;lakes;0
1956;63;7;66;lake;false;lakes;0
1957;113;12;15;lake;false;lakes;0
1958;60;18;53;lake;false;lakes;0
1959;51;10;42;lake;false;lakes;0
1960;24;89;20;lake;false;lakes;0
1961;49;6;88;lake;false;lakes;0
1962;59;78;0;lake;false;lakes;0
1963;44;41;53;lake;false;lakes;0
1964;117;6;21;lake;false;lakes;0
1965;60;0;48;lake;false;lakes;0
1966;33;18;71;lake;false;lakes;0
1967;49;65;15;lake;false;lakes;0
